[
{
  "model": "admin.logentry",
  "pk": 69,
  "fields": {
    "action_time": "2024-05-02T05:46:56.311Z",
    "user": 5,
    "content_type": 14,
    "object_id": "1",
    "object_repr": "Заказ №1",
    "action_flag": 2,
    "change_message": "[{\"changed\": {\"fields\": [\"\\u0421\\u0442\\u0430\\u0442\\u0443\\u0441\"]}}]"
  }
},
{
  "model": "auth.permission",
  "pk": 1,
  "fields": {
    "name": "Can add log entry",
    "content_type": 1,
    "codename": "add_logentry"
  }
},
{
  "model": "auth.permission",
  "pk": 2,
  "fields": {
    "name": "Can change log entry",
    "content_type": 1,
    "codename": "change_logentry"
  }
},
{
  "model": "auth.permission",
  "pk": 3,
  "fields": {
    "name": "Can delete log entry",
    "content_type": 1,
    "codename": "delete_logentry"
  }
},
{
  "model": "auth.permission",
  "pk": 4,
  "fields": {
    "name": "Can view log entry",
    "content_type": 1,
    "codename": "view_logentry"
  }
},
{
  "model": "auth.permission",
  "pk": 5,
  "fields": {
    "name": "Can add permission",
    "content_type": 2,
    "codename": "add_permission"
  }
},
{
  "model": "auth.permission",
  "pk": 6,
  "fields": {
    "name": "Can change permission",
    "content_type": 2,
    "codename": "change_permission"
  }
},
{
  "model": "auth.permission",
  "pk": 7,
  "fields": {
    "name": "Can delete permission",
    "content_type": 2,
    "codename": "delete_permission"
  }
},
{
  "model": "auth.permission",
  "pk": 8,
  "fields": {
    "name": "Can view permission",
    "content_type": 2,
    "codename": "view_permission"
  }
},
{
  "model": "auth.permission",
  "pk": 9,
  "fields": {
    "name": "Can add group",
    "content_type": 3,
    "codename": "add_group"
  }
},
{
  "model": "auth.permission",
  "pk": 10,
  "fields": {
    "name": "Can change group",
    "content_type": 3,
    "codename": "change_group"
  }
},
{
  "model": "auth.permission",
  "pk": 11,
  "fields": {
    "name": "Can delete group",
    "content_type": 3,
    "codename": "delete_group"
  }
},
{
  "model": "auth.permission",
  "pk": 12,
  "fields": {
    "name": "Can view group",
    "content_type": 3,
    "codename": "view_group"
  }
},
{
  "model": "auth.permission",
  "pk": 13,
  "fields": {
    "name": "Can add user",
    "content_type": 4,
    "codename": "add_user"
  }
},
{
  "model": "auth.permission",
  "pk": 14,
  "fields": {
    "name": "Can change user",
    "content_type": 4,
    "codename": "change_user"
  }
},
{
  "model": "auth.permission",
  "pk": 15,
  "fields": {
    "name": "Can delete user",
    "content_type": 4,
    "codename": "delete_user"
  }
},
{
  "model": "auth.permission",
  "pk": 16,
  "fields": {
    "name": "Can view user",
    "content_type": 4,
    "codename": "view_user"
  }
},
{
  "model": "auth.permission",
  "pk": 17,
  "fields": {
    "name": "Can add content type",
    "content_type": 5,
    "codename": "add_contenttype"
  }
},
{
  "model": "auth.permission",
  "pk": 18,
  "fields": {
    "name": "Can change content type",
    "content_type": 5,
    "codename": "change_contenttype"
  }
},
{
  "model": "auth.permission",
  "pk": 19,
  "fields": {
    "name": "Can delete content type",
    "content_type": 5,
    "codename": "delete_contenttype"
  }
},
{
  "model": "auth.permission",
  "pk": 20,
  "fields": {
    "name": "Can view content type",
    "content_type": 5,
    "codename": "view_contenttype"
  }
},
{
  "model": "auth.permission",
  "pk": 21,
  "fields": {
    "name": "Can add session",
    "content_type": 6,
    "codename": "add_session"
  }
},
{
  "model": "auth.permission",
  "pk": 22,
  "fields": {
    "name": "Can change session",
    "content_type": 6,
    "codename": "change_session"
  }
},
{
  "model": "auth.permission",
  "pk": 23,
  "fields": {
    "name": "Can delete session",
    "content_type": 6,
    "codename": "delete_session"
  }
},
{
  "model": "auth.permission",
  "pk": 24,
  "fields": {
    "name": "Can view session",
    "content_type": 6,
    "codename": "view_session"
  }
},
{
  "model": "auth.permission",
  "pk": 25,
  "fields": {
    "name": "Can add category",
    "content_type": 7,
    "codename": "add_category"
  }
},
{
  "model": "auth.permission",
  "pk": 26,
  "fields": {
    "name": "Can change category",
    "content_type": 7,
    "codename": "change_category"
  }
},
{
  "model": "auth.permission",
  "pk": 27,
  "fields": {
    "name": "Can delete category",
    "content_type": 7,
    "codename": "delete_category"
  }
},
{
  "model": "auth.permission",
  "pk": 28,
  "fields": {
    "name": "Can view category",
    "content_type": 7,
    "codename": "view_category"
  }
},
{
  "model": "auth.permission",
  "pk": 29,
  "fields": {
    "name": "Can add subcategory",
    "content_type": 8,
    "codename": "add_subcategory"
  }
},
{
  "model": "auth.permission",
  "pk": 30,
  "fields": {
    "name": "Can change subcategory",
    "content_type": 8,
    "codename": "change_subcategory"
  }
},
{
  "model": "auth.permission",
  "pk": 31,
  "fields": {
    "name": "Can delete subcategory",
    "content_type": 8,
    "codename": "delete_subcategory"
  }
},
{
  "model": "auth.permission",
  "pk": 32,
  "fields": {
    "name": "Can view subcategory",
    "content_type": 8,
    "codename": "view_subcategory"
  }
},
{
  "model": "auth.permission",
  "pk": 33,
  "fields": {
    "name": "Can add product",
    "content_type": 9,
    "codename": "add_product"
  }
},
{
  "model": "auth.permission",
  "pk": 34,
  "fields": {
    "name": "Can change product",
    "content_type": 9,
    "codename": "change_product"
  }
},
{
  "model": "auth.permission",
  "pk": 35,
  "fields": {
    "name": "Can delete product",
    "content_type": 9,
    "codename": "delete_product"
  }
},
{
  "model": "auth.permission",
  "pk": 36,
  "fields": {
    "name": "Can view product",
    "content_type": 9,
    "codename": "view_product"
  }
},
{
  "model": "auth.permission",
  "pk": 37,
  "fields": {
    "name": "Can add size",
    "content_type": 10,
    "codename": "add_size"
  }
},
{
  "model": "auth.permission",
  "pk": 38,
  "fields": {
    "name": "Can change size",
    "content_type": 10,
    "codename": "change_size"
  }
},
{
  "model": "auth.permission",
  "pk": 39,
  "fields": {
    "name": "Can delete size",
    "content_type": 10,
    "codename": "delete_size"
  }
},
{
  "model": "auth.permission",
  "pk": 40,
  "fields": {
    "name": "Can view size",
    "content_type": 10,
    "codename": "view_size"
  }
},
{
  "model": "auth.permission",
  "pk": 41,
  "fields": {
    "name": "Can add size and number",
    "content_type": 10,
    "codename": "add_sizeandnumber"
  }
},
{
  "model": "auth.permission",
  "pk": 42,
  "fields": {
    "name": "Can change size and number",
    "content_type": 10,
    "codename": "change_sizeandnumber"
  }
},
{
  "model": "auth.permission",
  "pk": 43,
  "fields": {
    "name": "Can delete size and number",
    "content_type": 10,
    "codename": "delete_sizeandnumber"
  }
},
{
  "model": "auth.permission",
  "pk": 44,
  "fields": {
    "name": "Can view size and number",
    "content_type": 10,
    "codename": "view_sizeandnumber"
  }
},
{
  "model": "auth.permission",
  "pk": 45,
  "fields": {
    "name": "Can add user",
    "content_type": 10,
    "codename": "add_user"
  }
},
{
  "model": "auth.permission",
  "pk": 46,
  "fields": {
    "name": "Can change user",
    "content_type": 10,
    "codename": "change_user"
  }
},
{
  "model": "auth.permission",
  "pk": 47,
  "fields": {
    "name": "Can delete user",
    "content_type": 10,
    "codename": "delete_user"
  }
},
{
  "model": "auth.permission",
  "pk": 48,
  "fields": {
    "name": "Can view user",
    "content_type": 10,
    "codename": "view_user"
  }
},
{
  "model": "auth.permission",
  "pk": 49,
  "fields": {
    "name": "Can add content type",
    "content_type": 4,
    "codename": "add_contenttype"
  }
},
{
  "model": "auth.permission",
  "pk": 50,
  "fields": {
    "name": "Can change content type",
    "content_type": 4,
    "codename": "change_contenttype"
  }
},
{
  "model": "auth.permission",
  "pk": 51,
  "fields": {
    "name": "Can delete content type",
    "content_type": 4,
    "codename": "delete_contenttype"
  }
},
{
  "model": "auth.permission",
  "pk": 52,
  "fields": {
    "name": "Can view content type",
    "content_type": 4,
    "codename": "view_contenttype"
  }
},
{
  "model": "auth.permission",
  "pk": 53,
  "fields": {
    "name": "Can add session",
    "content_type": 5,
    "codename": "add_session"
  }
},
{
  "model": "auth.permission",
  "pk": 54,
  "fields": {
    "name": "Can change session",
    "content_type": 5,
    "codename": "change_session"
  }
},
{
  "model": "auth.permission",
  "pk": 55,
  "fields": {
    "name": "Can delete session",
    "content_type": 5,
    "codename": "delete_session"
  }
},
{
  "model": "auth.permission",
  "pk": 56,
  "fields": {
    "name": "Can view session",
    "content_type": 5,
    "codename": "view_session"
  }
},
{
  "model": "auth.permission",
  "pk": 57,
  "fields": {
    "name": "Can add category",
    "content_type": 6,
    "codename": "add_category"
  }
},
{
  "model": "auth.permission",
  "pk": 58,
  "fields": {
    "name": "Can change category",
    "content_type": 6,
    "codename": "change_category"
  }
},
{
  "model": "auth.permission",
  "pk": 59,
  "fields": {
    "name": "Can delete category",
    "content_type": 6,
    "codename": "delete_category"
  }
},
{
  "model": "auth.permission",
  "pk": 60,
  "fields": {
    "name": "Can view category",
    "content_type": 6,
    "codename": "view_category"
  }
},
{
  "model": "auth.permission",
  "pk": 61,
  "fields": {
    "name": "Can add subcategory",
    "content_type": 7,
    "codename": "add_subcategory"
  }
},
{
  "model": "auth.permission",
  "pk": 62,
  "fields": {
    "name": "Can change subcategory",
    "content_type": 7,
    "codename": "change_subcategory"
  }
},
{
  "model": "auth.permission",
  "pk": 63,
  "fields": {
    "name": "Can delete subcategory",
    "content_type": 7,
    "codename": "delete_subcategory"
  }
},
{
  "model": "auth.permission",
  "pk": 64,
  "fields": {
    "name": "Can view subcategory",
    "content_type": 7,
    "codename": "view_subcategory"
  }
},
{
  "model": "auth.permission",
  "pk": 65,
  "fields": {
    "name": "Can add product",
    "content_type": 8,
    "codename": "add_product"
  }
},
{
  "model": "auth.permission",
  "pk": 66,
  "fields": {
    "name": "Can change product",
    "content_type": 8,
    "codename": "change_product"
  }
},
{
  "model": "auth.permission",
  "pk": 67,
  "fields": {
    "name": "Can delete product",
    "content_type": 8,
    "codename": "delete_product"
  }
},
{
  "model": "auth.permission",
  "pk": 68,
  "fields": {
    "name": "Can view product",
    "content_type": 8,
    "codename": "view_product"
  }
},
{
  "model": "auth.permission",
  "pk": 69,
  "fields": {
    "name": "Can add size and number",
    "content_type": 9,
    "codename": "add_sizeandnumber"
  }
},
{
  "model": "auth.permission",
  "pk": 70,
  "fields": {
    "name": "Can change size and number",
    "content_type": 9,
    "codename": "change_sizeandnumber"
  }
},
{
  "model": "auth.permission",
  "pk": 71,
  "fields": {
    "name": "Can delete size and number",
    "content_type": 9,
    "codename": "delete_sizeandnumber"
  }
},
{
  "model": "auth.permission",
  "pk": 72,
  "fields": {
    "name": "Can view size and number",
    "content_type": 9,
    "codename": "view_sizeandnumber"
  }
},
{
  "model": "auth.permission",
  "pk": 73,
  "fields": {
    "name": "Can add favorite product",
    "content_type": 11,
    "codename": "add_favoriteproduct"
  }
},
{
  "model": "auth.permission",
  "pk": 74,
  "fields": {
    "name": "Can change favorite product",
    "content_type": 11,
    "codename": "change_favoriteproduct"
  }
},
{
  "model": "auth.permission",
  "pk": 75,
  "fields": {
    "name": "Can delete favorite product",
    "content_type": 11,
    "codename": "delete_favoriteproduct"
  }
},
{
  "model": "auth.permission",
  "pk": 76,
  "fields": {
    "name": "Can view favorite product",
    "content_type": 11,
    "codename": "view_favoriteproduct"
  }
},
{
  "model": "auth.permission",
  "pk": 77,
  "fields": {
    "name": "Can add product in cart",
    "content_type": 12,
    "codename": "add_productincart"
  }
},
{
  "model": "auth.permission",
  "pk": 78,
  "fields": {
    "name": "Can change product in cart",
    "content_type": 12,
    "codename": "change_productincart"
  }
},
{
  "model": "auth.permission",
  "pk": 79,
  "fields": {
    "name": "Can delete product in cart",
    "content_type": 12,
    "codename": "delete_productincart"
  }
},
{
  "model": "auth.permission",
  "pk": 80,
  "fields": {
    "name": "Can view product in cart",
    "content_type": 12,
    "codename": "view_productincart"
  }
},
{
  "model": "auth.permission",
  "pk": 81,
  "fields": {
    "name": "Can add order item",
    "content_type": 13,
    "codename": "add_orderitem"
  }
},
{
  "model": "auth.permission",
  "pk": 82,
  "fields": {
    "name": "Can change order item",
    "content_type": 13,
    "codename": "change_orderitem"
  }
},
{
  "model": "auth.permission",
  "pk": 83,
  "fields": {
    "name": "Can delete order item",
    "content_type": 13,
    "codename": "delete_orderitem"
  }
},
{
  "model": "auth.permission",
  "pk": 84,
  "fields": {
    "name": "Can view order item",
    "content_type": 13,
    "codename": "view_orderitem"
  }
},
{
  "model": "auth.permission",
  "pk": 85,
  "fields": {
    "name": "Can add order",
    "content_type": 14,
    "codename": "add_order"
  }
},
{
  "model": "auth.permission",
  "pk": 86,
  "fields": {
    "name": "Can change order",
    "content_type": 14,
    "codename": "change_order"
  }
},
{
  "model": "auth.permission",
  "pk": 87,
  "fields": {
    "name": "Can delete order",
    "content_type": 14,
    "codename": "delete_order"
  }
},
{
  "model": "auth.permission",
  "pk": 88,
  "fields": {
    "name": "Can view order",
    "content_type": 14,
    "codename": "view_order"
  }
},
{
  "model": "auth.permission",
  "pk": 89,
  "fields": {
    "name": "Can add Товар в корзине",
    "content_type": 15,
    "codename": "add_productincart"
  }
},
{
  "model": "auth.permission",
  "pk": 90,
  "fields": {
    "name": "Can change Товар в корзине",
    "content_type": 15,
    "codename": "change_productincart"
  }
},
{
  "model": "auth.permission",
  "pk": 91,
  "fields": {
    "name": "Can delete Товар в корзине",
    "content_type": 15,
    "codename": "delete_productincart"
  }
},
{
  "model": "auth.permission",
  "pk": 92,
  "fields": {
    "name": "Can view Товар в корзине",
    "content_type": 15,
    "codename": "view_productincart"
  }
},
{
  "model": "auth.permission",
  "pk": 93,
  "fields": {
    "name": "Can add Заказанный товар",
    "content_type": 16,
    "codename": "add_orderitem"
  }
},
{
  "model": "auth.permission",
  "pk": 94,
  "fields": {
    "name": "Can change Заказанный товар",
    "content_type": 16,
    "codename": "change_orderitem"
  }
},
{
  "model": "auth.permission",
  "pk": 95,
  "fields": {
    "name": "Can delete Заказанный товар",
    "content_type": 16,
    "codename": "delete_orderitem"
  }
},
{
  "model": "auth.permission",
  "pk": 96,
  "fields": {
    "name": "Can view Заказанный товар",
    "content_type": 16,
    "codename": "view_orderitem"
  }
},
{
  "model": "auth.permission",
  "pk": 97,
  "fields": {
    "name": "Can add Заказ",
    "content_type": 17,
    "codename": "add_order"
  }
},
{
  "model": "auth.permission",
  "pk": 98,
  "fields": {
    "name": "Can change Заказ",
    "content_type": 17,
    "codename": "change_order"
  }
},
{
  "model": "auth.permission",
  "pk": 99,
  "fields": {
    "name": "Can delete Заказ",
    "content_type": 17,
    "codename": "delete_order"
  }
},
{
  "model": "auth.permission",
  "pk": 100,
  "fields": {
    "name": "Can view Заказ",
    "content_type": 17,
    "codename": "view_order"
  }
},
{
  "model": "sessions.session",
  "pk": "23e6k4lw4cecakngvmrnzv2bkdn1dr6h",
  "fields": {
    "session_data": "e30:1s0521:y6TxG0aFwkiuWwy_9NSpZa-WoVWB_Oho5ghla3pV50A",
    "expire_date": "2024-05-09T19:45:21.455Z"
  }
},
{
  "model": "sessions.session",
  "pk": "4ji7hkcmlm5ac3d8nstppcjbpy35pwyl",
  "fields": {
    "session_data": "e30:1rzcgs:B0KFXhD7zq8xSObJgbYFjyvuhJDQJU3za4U1Je1QmkM",
    "expire_date": "2024-05-08T13:29:38.977Z"
  }
},
{
  "model": "sessions.session",
  "pk": "5049r4llkqnbfe3c0xwqs8j62zwmib5a",
  "fields": {
    "session_data": "e30:1s03mq:gZQeLZOiVPoQGEiygBzA3rHyh2f65UYVi-HldK6QWGA",
    "expire_date": "2024-05-09T18:25:36.736Z"
  }
},
{
  "model": "sessions.session",
  "pk": "6p1n8cp4b0ugzy8vzs5r9o1r49697gcq",
  "fields": {
    "session_data": ".eJxVjDsOwjAQBe_iGlmxk-zalPQ5Q-T1rnEA2VI-FeLuJFIKaN_MvLcaw7bmcVtkHidWVwXq8rtRiE8pB-BHKPeqYy3rPJE-FH3SRQ-V5XU73b-DHJa810YYIlDqPUIbjeMOEjFLT51vECCmhM6hIxITLNnE6IG4kRZx9636fAED9jiC:1s0xO6:UlY7SiF7fpDHX1Ml5kNMTFzSYP7nrSgcajMLgk3cd_c",
    "expire_date": "2024-05-12T05:47:46.645Z"
  }
},
{
  "model": "sessions.session",
  "pk": "cpbb4ahg4jjs19dse6eoizolk2eyq64d",
  "fields": {
    "session_data": ".eJxVjMsOwiAQRf-FtSE8CkxduvcbyEwHpGogKe3K-O_apAvd3nPOfYmI21ri1tMSZxZn4cXpdyOcHqnugO9Yb01Ora7LTHJX5EG7vDZOz8vh_h0U7OVbQ9BJD8oo561yow9jIAIbDLNhyEiWDXiw1nPQmDOwA6UCm4EAkJ14fwCwdzb4:1s0xR7:UMOCP9MN1hOLwRlGbmajUy6V1FicptakjqhaYIbQ9hQ",
    "expire_date": "2024-05-12T05:50:53.482Z"
  }
},
{
  "model": "sessions.session",
  "pk": "dslddsb80irm8sj50pwic5xxoditylxq",
  "fields": {
    "session_data": "e30:1s057i:hDYwGv6jS500vsxr2WNK0hHgjQ_3_1vEl2Qp2DTtdV4",
    "expire_date": "2024-05-09T19:51:14.251Z"
  }
},
{
  "model": "sessions.session",
  "pk": "g68xp3e54fmgg7e2zbpi32uixi97okgj",
  "fields": {
    "session_data": "e30:1s04mQ:YesiTBxATGZAhO1T2egc0GEhBgwLFEVvCXpILUuTtIc",
    "expire_date": "2024-05-09T19:29:14.459Z"
  }
},
{
  "model": "sessions.session",
  "pk": "h7a6bha8a0e9a22r8lg9o4w659km4ljc",
  "fields": {
    "session_data": "e30:1s042M:x-rKLckumhy2ZqV0812fP9lyvaP1GDpRvA7rgLezjRo",
    "expire_date": "2024-05-09T18:41:38.383Z"
  }
},
{
  "model": "sessions.session",
  "pk": "impmuw0co2svrutaqrfq9w9dvm9lrc10",
  "fields": {
    "session_data": ".eJxVjMEOwiAQBf-FsyEISwGP3v0GssAiVQNJaU_Gf5cmPej1zcx7M4_bWvzWafFzYhc2sdPvFjA-qe4gPbDeG4-trssc-K7wg3Z-a4le18P9OyjYy6h1UhlRQTwHTSnbCayTYfQUtHQ5gwFQEEC4aOzwhNKawFghM0E0in2-_Kw33Q:1s0cF1:_AKj7sU4KbGy7lkrJxSqQuRh4lAcY-BIoEaI-NB0G-4",
    "expire_date": "2024-05-11T07:12:59.952Z"
  }
},
{
  "model": "sessions.session",
  "pk": "k3n4zvhkvexby1u71jv1lttnbmpanwf2",
  "fields": {
    "session_data": ".eJxVjMEOwiAQBf-FsyEISwGP3v0GssAiVQNJaU_Gf5cmPej1zcx7M4_bWvzWafFzYhc2sdPvFjA-qe4gPbDeG4-trssc-K7wg3Z-a4le18P9OyjYy6h1UhlRQTwHTSnbCayTYfQUtHQ5gwFQEEC4aOzwhNKawFghM0E0in2-_Kw33Q:1s0cF1:_AKj7sU4KbGy7lkrJxSqQuRh4lAcY-BIoEaI-NB0G-4",
    "expire_date": "2024-05-11T07:12:59.974Z"
  }
},
{
  "model": "sessions.session",
  "pk": "kibo6a6n368ch9evftdh4yg75iz379zw",
  "fields": {
    "session_data": "e30:1s03iG:YAMvs1lnmfXQ_mgV9XrJUpZra9R-uHQl_L4bQ8BIQIQ",
    "expire_date": "2024-05-09T18:20:52.426Z"
  }
},
{
  "model": "sessions.session",
  "pk": "m36r97vh6o5qrj37u2u8apir8bswy327",
  "fields": {
    "session_data": ".eJxVjMEOwiAQBf-FsyEISwGP3v0GssAiVQNJaU_Gf5cmPej1zcx7M4_bWvzWafFzYhc2sdPvFjA-qe4gPbDeG4-trssc-K7wg3Z-a4le18P9OyjYy6h1UhlRQTwHTSnbCayTYfQUtHQ5gwFQEEC4aOzwhNKawFghM0E0in2-_Kw33Q:1s0xHb:3iQNSJEA9oBEBq7XSsC1kn0nBHpcCKxdhsVssNHaD5A",
    "expire_date": "2024-05-12T05:41:03.786Z"
  }
},
{
  "model": "sessions.session",
  "pk": "ppzg72mdip0db2ygy5np5ugf5xarhomn",
  "fields": {
    "session_data": "e30:1s056F:qZCvp-Jw9vVWmG5SKakdXqiQGtHT4p2i3EEDdNp1cQY",
    "expire_date": "2024-05-09T19:49:43.327Z"
  }
},
{
  "model": "sessions.session",
  "pk": "vl3xh1c9ab1myehcpmmrwk4yr5hsx0u1",
  "fields": {
    "session_data": "e30:1s05FD:wYXglkRDcHlJPOrWqXer3tiGa8MrbxpciamP2jzc2Jw",
    "expire_date": "2024-05-09T19:58:59.508Z"
  }
},
{
  "model": "sessions.session",
  "pk": "yc823y24wtdlwpi2c029fwiuiopdwfsd",
  "fields": {
    "session_data": "e30:1s04pa:QhJs47ld7VoTKTEkDpMgJncElc6SdPFYfydX4N0kh48",
    "expire_date": "2024-05-09T19:32:30.508Z"
  }
},
{
  "model": "sessions.session",
  "pk": "z41g1p6h7ki26y7vic2i64dsglzjszn7",
  "fields": {
    "session_data": "e30:1s055a:5qGC7mI0DP2SKRnUUKZ3Exn5RTNJGNr6L5Sut_ElYsM",
    "expire_date": "2024-05-09T19:49:02.886Z"
  }
},
{
  "model": "sessions.session",
  "pk": "ztrot4gbp79zuwxrljd4f02vm8a6dtok",
  "fields": {
    "session_data": "e30:1s03gr:htGT0Ky4572d_0yTbDVkyoP9Hq5WGweeGZgk5wDNw9g",
    "expire_date": "2024-05-09T18:19:25.457Z"
  }
},
{
  "model": "sessions.session",
  "pk": "zud8l9dxk9v60z0ocg2ksdy39ox7z1en",
  "fields": {
    "session_data": "e30:1s057n:awyZKkBOGpuz0j5zGtU2TwZgCFii7aMKFK9Vqj4fVeQ",
    "expire_date": "2024-05-09T19:51:19.258Z"
  }
},
{
  "model": "commerce.product",
  "pk": 1,
  "fields": {
    "name": "Пиджак",
    "slug": "pidzhak",
    "description": "ПИДЖАК МУЖСКОЙ, КЛАССИЧЕСКИЙ КРОЙ (СИЛУЭТ), REGULAR FIT, ST1116, GREIFF",
    "price": "15000.00",
    "photo": "products/2024/04/21/mc1.jpg",
    "created_at": "2024-04-20T16:52:05.072Z",
    "category": 1,
    "subcategory": 1
  }
},
{
  "model": "commerce.product",
  "pk": 2,
  "fields": {
    "name": "Брюки",
    "slug": "briuki",
    "description": "Стильные мужские брюки с удобным кроем и изысканными деталями - идеальный выбор для элегантного и комфортного образа.",
    "price": "4000.00",
    "photo": "products/2024/04/20/mc2jpg.jpg",
    "created_at": "2024-04-20T16:56:05.899Z",
    "category": 1,
    "subcategory": 1
  }
},
{
  "model": "commerce.product",
  "pk": 3,
  "fields": {
    "name": "Футболка поло",
    "slug": "futbolka-polo",
    "description": "Эта мужская футболка поло сочетает в себе классический стиль и комфортную посадку, идеально подходящую для повседневной носки или спортивных мероприятий.",
    "price": "3200.00",
    "photo": "products/2024/04/21/mc3.jpeg",
    "created_at": "2024-04-20T16:58:09.782Z",
    "category": 1,
    "subcategory": 1
  }
},
{
  "model": "commerce.product",
  "pk": 4,
  "fields": {
    "name": "Кроссовки Nike",
    "slug": "krossovki-nike",
    "description": "Эти кроссовки предлагают современный дизайн, исключительный комфорт и высокую производительность для активного образа жизни.",
    "price": "8700.00",
    "photo": "products/2024/04/20/ms1.jpg",
    "created_at": "2024-04-20T17:01:01.550Z",
    "category": 1,
    "subcategory": 2
  }
},
{
  "model": "commerce.product",
  "pk": 5,
  "fields": {
    "name": "Лоферы",
    "slug": "lofery",
    "description": "Эти мужские лоферы идеально подчеркивают ваш стиль и обеспечивают удобство на каждом шагу, добавляя элегантности вашему образу.",
    "price": "10000.00",
    "photo": "products/2024/04/20/ms2.jpg",
    "created_at": "2024-04-20T17:02:52.144Z",
    "category": 1,
    "subcategory": 2
  }
},
{
  "model": "commerce.product",
  "pk": 6,
  "fields": {
    "name": "Тапки домашние",
    "slug": "tapki-domashnie",
    "description": "Эти домашние тапочки обеспечат вашим ногам уют и комфорт, позволяя расслабиться и насладиться уютом вашего дома после долгого дня.",
    "price": "799.00",
    "photo": "products/2024/04/20/ms3.jpeg",
    "created_at": "2024-04-20T17:04:29.658Z",
    "category": 1,
    "subcategory": 2
  }
},
{
  "model": "commerce.product",
  "pk": 7,
  "fields": {
    "name": "Часы Casio",
    "slug": "chasy-casio",
    "description": "Эти часы Casio воплощают в себе современный стиль и надежность, предлагая точное время и функциональность для активного образа жизни.",
    "price": "25000.00",
    "photo": "products/2024/04/20/ma1jpg.jpg",
    "created_at": "2024-04-20T17:07:06.119Z",
    "category": 1,
    "subcategory": 3
  }
},
{
  "model": "commerce.product",
  "pk": 8,
  "fields": {
    "name": "Ремень Guess",
    "slug": "remen-guess",
    "description": "Этот ремень - идеальное дополнение к вашему образу, придавая ему стильный акцент и обеспечивая надежную поддержку.",
    "price": "2200.00",
    "photo": "products/2024/04/20/ma2.jpg",
    "created_at": "2024-04-20T17:08:47.683Z",
    "category": 1,
    "subcategory": 3
  }
},
{
  "model": "commerce.product",
  "pk": 9,
  "fields": {
    "name": "Цепочка серебряная",
    "slug": "tsepochka-serebrianaia",
    "description": "Эта мужская цепочка является элегантным аксессуаром, который придаст вашему образу изысканности и стиля.",
    "price": "6890.00",
    "photo": "products/2024/04/21/ma3.jpg",
    "created_at": "2024-04-20T17:10:51.300Z",
    "category": 1,
    "subcategory": 3
  }
},
{
  "model": "commerce.product",
  "pk": 10,
  "fields": {
    "name": "Кроссовки NewBalance",
    "slug": "krossovki-newbalance",
    "description": "Эти кроссовки New Balance сочетают в себе стильный дизайн и высокую функциональность, обеспечивая комфорт и поддержку во время занятий спортом или повседневных прогулок.",
    "price": "12100.00",
    "photo": "products/2024/04/20/ws1jpg.jpg",
    "created_at": "2024-04-20T17:14:52.074Z",
    "category": 2,
    "subcategory": 2
  }
},
{
  "model": "commerce.product",
  "pk": 11,
  "fields": {
    "name": "Туфли на каблуке",
    "slug": "tufli-na-kabluke",
    "description": "Эти туфли на каблуке являются идеальным сочетанием элегантности и комфорта, подчеркивая ваш стиль и добавляя изящества вашему образу.",
    "price": "5890.00",
    "photo": "products/2024/04/20/ws2.jpg",
    "created_at": "2024-04-20T17:16:08.913Z",
    "category": 2,
    "subcategory": 2
  }
},
{
  "model": "commerce.product",
  "pk": 12,
  "fields": {
    "name": "Кроссовки Adidas",
    "slug": "krossovki-adidas",
    "description": "Эти кроссовки Adidas - идеальный выбор для тех, кто ценит стиль, комфорт и высокое качество. Они обеспечивают отличную поддержку и амортизацию для вашего активного образа жизни.",
    "price": "2880.00",
    "photo": "products/2024/04/20/ws3.jpg",
    "created_at": "2024-04-20T17:18:45.508Z",
    "category": 2,
    "subcategory": 2
  }
},
{
  "model": "commerce.product",
  "pk": 13,
  "fields": {
    "name": "Платье розовое",
    "slug": "plate-rozovoe",
    "description": "Это платье - идеальное сочетание элегантности и комфорта, придающее вашему образу шарм и изысканность.",
    "price": "3590.00",
    "photo": "products/2024/04/20/wc1.jpg",
    "created_at": "2024-04-20T17:21:10.107Z",
    "category": 2,
    "subcategory": 1
  }
},
{
  "model": "commerce.product",
  "pk": 14,
  "fields": {
    "name": "Джинсы с высокой посадкой",
    "slug": "dzhinsy-s-vysokoi-posadkoi",
    "description": "Эти джинсы с высокой посадкой созданы для комфорта и стиля, обеспечивая отличную посадку и подчеркивая вашу фигуру.",
    "price": "2700.00",
    "photo": "products/2024/04/20/wc3.jpg",
    "created_at": "2024-04-20T17:22:32.889Z",
    "category": 2,
    "subcategory": 1
  }
},
{
  "model": "commerce.product",
  "pk": 15,
  "fields": {
    "name": "Кофта Le",
    "slug": "kofta-le",
    "description": "Эта кофта от бренда Le - идеальное сочетание стиля и комфорта, добавляющее вашему образу неповторимый шарм и элегантность.",
    "price": "9890.00",
    "photo": "products/2024/04/20/wc2.jpg",
    "created_at": "2024-04-20T17:24:00.919Z",
    "category": 2,
    "subcategory": 1
  }
},
{
  "model": "commerce.product",
  "pk": 16,
  "fields": {
    "name": "Детские кроссовки Nike",
    "slug": "detskie-krossovki-nike",
    "description": "Детские кроссовки от Nike",
    "price": "6770.00",
    "photo": "products/2024/04/20/cs1.jpg",
    "created_at": "2024-04-20T17:28:01.679Z",
    "category": 3,
    "subcategory": 2
  }
},
{
  "model": "commerce.product",
  "pk": 17,
  "fields": {
    "name": "Желтые детские тапочки",
    "slug": "zheltye-detskie-tapochki",
    "description": "Эти желтые детские тапочки - яркое и уютное дополнение к гардеробу вашего малыша, придавая его образу игривость и комфорт.",
    "price": "2000.00",
    "photo": "products/2024/04/20/cs2.jpg",
    "created_at": "2024-04-20T17:29:09.324Z",
    "category": 3,
    "subcategory": 2
  }
},
{
  "model": "commerce.product",
  "pk": 18,
  "fields": {
    "name": "Ботинки детские",
    "slug": "botinki-detskie",
    "description": "Эти детские ботинки обеспечивают стиль, комфорт и надежную поддержку, защищая маленькие ножки и подчеркивая их индивидуальный стиль.",
    "price": "1700.00",
    "photo": "products/2024/04/20/cs3.jpg",
    "created_at": "2024-04-20T17:30:29.979Z",
    "category": 3,
    "subcategory": 2
  }
},
{
  "model": "commerce.product",
  "pk": 19,
  "fields": {
    "name": "Детский свитер",
    "slug": "detskii-sviter",
    "description": "Этот детский свитер - идеальное сочетание тепла, комфорта и стиля, обеспечивая малышу уют в любое время года и подчеркивая его милый образ.",
    "price": "3000.00",
    "photo": "products/2024/04/20/cc1.jpg",
    "created_at": "2024-04-20T17:31:31.535Z",
    "category": 3,
    "subcategory": 1
  }
},
{
  "model": "commerce.product",
  "pk": 20,
  "fields": {
    "name": "Детский комбинезон",
    "slug": "detskii-kombinezon",
    "description": "Этот детский комбинезон сочетает в себе удобство и стиль, обеспечивая малышу защиту от холода и комфорт во время активных игр и прогулок.",
    "price": "4500.00",
    "photo": "products/2024/04/20/cc2.jpg",
    "created_at": "2024-04-20T17:33:13.668Z",
    "category": 3,
    "subcategory": 1
  }
},
{
  "model": "commerce.product",
  "pk": 21,
  "fields": {
    "name": "Детская шапка",
    "slug": "detskaia-shapka",
    "description": "Эта детская шапка обеспечивает тепло и комфорт в холодные дни, при этом добавляя яркий акцент к образу вашего ребенка.",
    "price": "1280.00",
    "photo": "products/2024/04/20/сс3.jpg",
    "created_at": "2024-04-20T17:34:21.963Z",
    "category": 3,
    "subcategory": 1
  }
},
{
  "model": "commerce.product",
  "pk": 22,
  "fields": {
    "name": "Детские часы с единорогом",
    "slug": "detskie-chasy-s-edinorogom",
    "description": "Эти детские часы с изображением единорога не только показывают время, но и добавляют веселья и магии в повседневную жизнь вашего ребенка.",
    "price": "1100.00",
    "photo": "products/2024/04/20/ca1.jpg",
    "created_at": "2024-04-20T17:36:31.233Z",
    "category": 3,
    "subcategory": 3
  }
},
{
  "model": "commerce.product",
  "pk": 23,
  "fields": {
    "name": "Детский браслет",
    "slug": "detskii-braslet",
    "description": "Этот детский браслет - прекрасное украшение, которое подчеркнет индивидуальность вашего малыша и добавит игривости к его образу.",
    "price": "800.00",
    "photo": "products/2024/04/20/ca2.jpg",
    "created_at": "2024-04-20T17:37:42.161Z",
    "category": 3,
    "subcategory": 3
  }
},
{
  "model": "commerce.product",
  "pk": 24,
  "fields": {
    "name": "Детский чехол на телефон",
    "slug": "detskii-chekhol-na-telefon",
    "description": "Яркий и прочный детский чехол на телефон обеспечивает надежную защиту смартфона от повреждений и добавляет игривости к его облику.",
    "price": "599.00",
    "photo": "products/2024/04/20/ca3.jpg",
    "created_at": "2024-04-20T17:40:46.316Z",
    "category": 3,
    "subcategory": 3
  }
},
{
  "model": "commerce.product",
  "pk": 57,
  "fields": {
    "name": "Часы Tissot",
    "slug": "chasy-tissot",
    "description": "Часы Tissot – это элегантное сочетание высокоточной швейцарской мастерской и стильного дизайна, превосходное слияние классики и инноваций.",
    "price": "60000.00",
    "photo": "products/2024/04/21/wa1.jpg",
    "created_at": "2024-04-21T04:46:14.725Z",
    "category": 2,
    "subcategory": 3
  }
},
{
  "model": "commerce.product",
  "pk": 58,
  "fields": {
    "name": "Сумка Bloy Back",
    "slug": "sumka-bloy-back",
    "description": "Сумка Bloy Black - это стильный аксессуар с простым, но элегантным дизайном, созданный для комфортной и практичной повседневной носки.",
    "price": "23800.00",
    "photo": "products/2024/04/21/wa2.jpg",
    "created_at": "2024-04-21T04:47:55.034Z",
    "category": 2,
    "subcategory": 3
  }
},
{
  "model": "commerce.product",
  "pk": 59,
  "fields": {
    "name": "Серебряный браслет",
    "slug": "serebrianyi-braslet",
    "description": "Серебряный браслет - изысканный аксессуар, который придает вашему образу блеск и элегантность, идеальный выбор для завершения любого стиля.",
    "price": "11400.00",
    "photo": "products/2024/04/21/wa3.jpg",
    "created_at": "2024-04-21T04:55:24.391Z",
    "category": 2,
    "subcategory": 3
  }
},
{
  "model": "commerce.category",
  "pk": 1,
  "fields": {
    "name": "Мужчинам",
    "slug": "muzhchinam"
  }
},
{
  "model": "commerce.category",
  "pk": 2,
  "fields": {
    "name": "Женщинам",
    "slug": "zhenschinam"
  }
},
{
  "model": "commerce.category",
  "pk": 3,
  "fields": {
    "name": "Детям",
    "slug": "detyam"
  }
},
{
  "model": "commerce.subcategory",
  "pk": 1,
  "fields": {
    "name": "Одежда",
    "slug": "odezhda"
  }
},
{
  "model": "commerce.subcategory",
  "pk": 2,
  "fields": {
    "name": "Обувь",
    "slug": "obuv"
  }
},
{
  "model": "commerce.subcategory",
  "pk": 3,
  "fields": {
    "name": "Аксессуары",
    "slug": "aksessuary"
  }
},
{
  "model": "commerce.sizeandnumber",
  "pk": 1,
  "fields": {
    "size": "48",
    "number": 3,
    "product": 1
  }
},
{
  "model": "commerce.sizeandnumber",
  "pk": 2,
  "fields": {
    "size": "50",
    "number": 4,
    "product": 1
  }
},
{
  "model": "commerce.sizeandnumber",
  "pk": 3,
  "fields": {
    "size": "48",
    "number": 5,
    "product": 2
  }
},
{
  "model": "commerce.sizeandnumber",
  "pk": 4,
  "fields": {
    "size": "50",
    "number": 3,
    "product": 2
  }
},
{
  "model": "commerce.sizeandnumber",
  "pk": 5,
  "fields": {
    "size": "48",
    "number": 4,
    "product": 5
  }
},
{
  "model": "commerce.sizeandnumber",
  "pk": 6,
  "fields": {
    "size": "50",
    "number": 3,
    "product": 5
  }
},
{
  "model": "commerce.sizeandnumber",
  "pk": 7,
  "fields": {
    "size": "48",
    "number": 4,
    "product": 6
  }
},
{
  "model": "commerce.sizeandnumber",
  "pk": 8,
  "fields": {
    "size": "50",
    "number": 5,
    "product": 6
  }
},
{
  "model": "commerce.sizeandnumber",
  "pk": 9,
  "fields": {
    "size": "48",
    "number": 5,
    "product": 10
  }
},
{
  "model": "commerce.sizeandnumber",
  "pk": 10,
  "fields": {
    "size": "50",
    "number": 4,
    "product": 10
  }
},
{
  "model": "commerce.sizeandnumber",
  "pk": 11,
  "fields": {
    "size": "48",
    "number": 5,
    "product": 11
  }
},
{
  "model": "commerce.sizeandnumber",
  "pk": 12,
  "fields": {
    "size": "50",
    "number": 4,
    "product": 11
  }
},
{
  "model": "commerce.sizeandnumber",
  "pk": 13,
  "fields": {
    "size": "48",
    "number": 5,
    "product": 12
  }
},
{
  "model": "commerce.sizeandnumber",
  "pk": 14,
  "fields": {
    "size": "50",
    "number": 4,
    "product": 12
  }
},
{
  "model": "commerce.sizeandnumber",
  "pk": 15,
  "fields": {
    "size": "48",
    "number": 5,
    "product": 13
  }
},
{
  "model": "commerce.sizeandnumber",
  "pk": 16,
  "fields": {
    "size": "50",
    "number": 4,
    "product": 13
  }
},
{
  "model": "commerce.sizeandnumber",
  "pk": 17,
  "fields": {
    "size": "48",
    "number": 4,
    "product": 14
  }
},
{
  "model": "commerce.sizeandnumber",
  "pk": 18,
  "fields": {
    "size": "50",
    "number": 3,
    "product": 14
  }
},
{
  "model": "commerce.sizeandnumber",
  "pk": 19,
  "fields": {
    "size": "48",
    "number": 5,
    "product": 15
  }
},
{
  "model": "commerce.sizeandnumber",
  "pk": 20,
  "fields": {
    "size": "50",
    "number": 4,
    "product": 15
  }
},
{
  "model": "commerce.sizeandnumber",
  "pk": 21,
  "fields": {
    "size": "48",
    "number": 4,
    "product": 16
  }
},
{
  "model": "commerce.sizeandnumber",
  "pk": 22,
  "fields": {
    "size": "50",
    "number": 4,
    "product": 16
  }
},
{
  "model": "commerce.sizeandnumber",
  "pk": 23,
  "fields": {
    "size": "48",
    "number": 5,
    "product": 18
  }
},
{
  "model": "commerce.sizeandnumber",
  "pk": 24,
  "fields": {
    "size": "50",
    "number": 4,
    "product": 18
  }
},
{
  "model": "commerce.sizeandnumber",
  "pk": 25,
  "fields": {
    "size": "48",
    "number": 3,
    "product": 19
  }
},
{
  "model": "commerce.sizeandnumber",
  "pk": 26,
  "fields": {
    "size": "50",
    "number": 3,
    "product": 19
  }
},
{
  "model": "commerce.sizeandnumber",
  "pk": 27,
  "fields": {
    "size": "48",
    "number": 4,
    "product": 20
  }
},
{
  "model": "commerce.sizeandnumber",
  "pk": 28,
  "fields": {
    "size": "50",
    "number": 4,
    "product": 20
  }
},
{
  "model": "commerce.sizeandnumber",
  "pk": 29,
  "fields": {
    "size": "48",
    "number": 4,
    "product": 21
  }
},
{
  "model": "commerce.sizeandnumber",
  "pk": 30,
  "fields": {
    "size": "50",
    "number": 2,
    "product": 21
  }
},
{
  "model": "commerce.sizeandnumber",
  "pk": 31,
  "fields": {
    "size": "48",
    "number": 3,
    "product": 4
  }
},
{
  "model": "commerce.sizeandnumber",
  "pk": 32,
  "fields": {
    "size": "50",
    "number": 3,
    "product": 4
  }
},
{
  "model": "commerce.sizeandnumber",
  "pk": 33,
  "fields": {
    "size": "48",
    "number": 5,
    "product": 17
  }
},
{
  "model": "commerce.sizeandnumber",
  "pk": 34,
  "fields": {
    "size": "50",
    "number": 4,
    "product": 17
  }
},
{
  "model": "commerce.sizeandnumber",
  "pk": 35,
  "fields": {
    "size": "48",
    "number": 5,
    "product": 3
  }
},
{
  "model": "commerce.sizeandnumber",
  "pk": 36,
  "fields": {
    "size": "50",
    "number": 4,
    "product": 3
  }
},
{
  "model": "commerce.sizeandnumber",
  "pk": 37,
  "fields": {
    "size": "",
    "number": 2,
    "product": 7
  }
},
{
  "model": "commerce.sizeandnumber",
  "pk": 38,
  "fields": {
    "size": "",
    "number": 2,
    "product": 8
  }
},
{
  "model": "commerce.sizeandnumber",
  "pk": 39,
  "fields": {
    "size": "",
    "number": 1,
    "product": 22
  }
},
{
  "model": "commerce.sizeandnumber",
  "pk": 40,
  "fields": {
    "size": "",
    "number": 5,
    "product": 9
  }
},
{
  "model": "commerce.sizeandnumber",
  "pk": 41,
  "fields": {
    "size": "",
    "number": 2,
    "product": 23
  }
},
{
  "model": "commerce.sizeandnumber",
  "pk": 42,
  "fields": {
    "size": "",
    "number": 4,
    "product": 24
  }
},
{
  "model": "commerce.sizeandnumber",
  "pk": 43,
  "fields": {
    "size": "",
    "number": 5,
    "product": 57
  }
},
{
  "model": "commerce.sizeandnumber",
  "pk": 44,
  "fields": {
    "size": "",
    "number": 1,
    "product": 58
  }
},
{
  "model": "commerce.sizeandnumber",
  "pk": 45,
  "fields": {
    "size": "",
    "number": 4,
    "product": 59
  }
},
{
  "model": "commerce.favoriteproduct",
  "pk": 16,
  "fields": {
    "product": 20,
    "user": 71
  }
},
{
  "model": "commerce.favoriteproduct",
  "pk": 19,
  "fields": {
    "product": 19,
    "user": 71
  }
},
{
  "model": "commerce.favoriteproduct",
  "pk": 29,
  "fields": {
    "product": 58,
    "user": 35
  }
},
{
  "model": "commerce.favoriteproduct",
  "pk": 30,
  "fields": {
    "product": 59,
    "user": 35
  }
},
{
  "model": "commerce.favoriteproduct",
  "pk": 38,
  "fields": {
    "product": 8,
    "user": 35
  }
},
{
  "model": "commerce.favoriteproduct",
  "pk": 39,
  "fields": {
    "product": 22,
    "user": 35
  }
},
{
  "model": "commerce.favoriteproduct",
  "pk": 42,
  "fields": {
    "product": 59,
    "user": 74
  }
},
{
  "model": "commerce.favoriteproduct",
  "pk": 43,
  "fields": {
    "product": 15,
    "user": 74
  }
},
{
  "model": "commerce.favoriteproduct",
  "pk": 46,
  "fields": {
    "product": 19,
    "user": 5
  }
},
{
  "model": "commerce.favoriteproduct",
  "pk": 47,
  "fields": {
    "product": 58,
    "user": 5
  }
},
{
  "model": "users.user",
  "pk": 5,
  "fields": {
    "password": "pbkdf2_sha256$720000$GONuZGQPE9qMBzetyGsR7K$HmA7P/tcwtoFLAthCkm9O6yXAy+PFBtIBBsyhygQObk=",
    "last_login": "2024-05-07T10:37:33.820Z",
    "is_superuser": true,
    "first_name": "",
    "last_name": "",
    "is_staff": true,
    "is_active": true,
    "date_joined": "2024-04-26T11:46:21.638Z",
    "email": "max.b04.03@mail.ru",
    "username": "root",
    "groups": [],
    "user_permissions": []
  }
},
{
  "model": "users.user",
  "pk": 6,
  "fields": {
    "password": "pbkdf2_sha256$720000$fBEEaWnTJu1mVgURg9tKZ3$Wj6/9ZF1J6bYlCPRZhLunnFM3SDHASNF0rffDo85Bfw=",
    "last_login": "2024-04-30T13:58:57.539Z",
    "is_superuser": false,
    "first_name": "",
    "last_name": "",
    "is_staff": false,
    "is_active": true,
    "date_joined": "2024-04-26T12:40:37.115Z",
    "email": "user1@mail.ru",
    "username": "",
    "groups": [],
    "user_permissions": []
  }
},
{
  "model": "users.user",
  "pk": 8,
  "fields": {
    "password": "pbkdf2_sha256$720000$PisD0ktKwB3IXI9EKuJKJT$Jjn2mO0My1I5eQJQayPtxQxVHSK/uL6yRY3DX8FBFMk=",
    "last_login": null,
    "is_superuser": false,
    "first_name": "",
    "last_name": "",
    "is_staff": false,
    "is_active": true,
    "date_joined": "2024-04-26T12:44:10.318Z",
    "email": "user2@mail.ru",
    "username": null,
    "groups": [],
    "user_permissions": []
  }
},
{
  "model": "users.user",
  "pk": 23,
  "fields": {
    "password": "",
    "last_login": null,
    "is_superuser": false,
    "first_name": "",
    "last_name": "",
    "is_staff": false,
    "is_active": true,
    "date_joined": "2024-04-27T05:23:40.129Z",
    "email": "max.b04.03@gmail.com",
    "username": null,
    "groups": [],
    "user_permissions": []
  }
},
{
  "model": "users.user",
  "pk": 24,
  "fields": {
    "password": "",
    "last_login": null,
    "is_superuser": false,
    "first_name": "",
    "last_name": "",
    "is_staff": false,
    "is_active": true,
    "date_joined": "2024-04-27T05:49:26.244Z",
    "email": "user3@mail.ru",
    "username": null,
    "groups": [],
    "user_permissions": []
  }
},
{
  "model": "users.user",
  "pk": 25,
  "fields": {
    "password": "",
    "last_login": null,
    "is_superuser": false,
    "first_name": "",
    "last_name": "",
    "is_staff": false,
    "is_active": true,
    "date_joined": "2024-04-27T06:32:24.864Z",
    "email": "user4@mail.ru",
    "username": null,
    "groups": [],
    "user_permissions": []
  }
},
{
  "model": "users.user",
  "pk": 26,
  "fields": {
    "password": "",
    "last_login": null,
    "is_superuser": false,
    "first_name": "",
    "last_name": "",
    "is_staff": false,
    "is_active": true,
    "date_joined": "2024-04-27T07:04:21.040Z",
    "email": "user5@mail.ru",
    "username": null,
    "groups": [],
    "user_permissions": []
  }
},
{
  "model": "users.user",
  "pk": 27,
  "fields": {
    "password": "",
    "last_login": null,
    "is_superuser": false,
    "first_name": "",
    "last_name": "",
    "is_staff": false,
    "is_active": true,
    "date_joined": "2024-04-27T07:05:15.941Z",
    "email": "user6@mail.ru",
    "username": null,
    "groups": [],
    "user_permissions": []
  }
},
{
  "model": "users.user",
  "pk": 28,
  "fields": {
    "password": "",
    "last_login": null,
    "is_superuser": false,
    "first_name": "",
    "last_name": "",
    "is_staff": false,
    "is_active": true,
    "date_joined": "2024-04-27T07:06:06.212Z",
    "email": "user7@mail.ru",
    "username": null,
    "groups": [],
    "user_permissions": []
  }
},
{
  "model": "users.user",
  "pk": 29,
  "fields": {
    "password": "",
    "last_login": null,
    "is_superuser": false,
    "first_name": "",
    "last_name": "",
    "is_staff": false,
    "is_active": true,
    "date_joined": "2024-04-27T07:08:08.473Z",
    "email": "user8@mail.ru",
    "username": null,
    "groups": [],
    "user_permissions": []
  }
},
{
  "model": "users.user",
  "pk": 30,
  "fields": {
    "password": "04032006Maxim",
    "last_login": null,
    "is_superuser": false,
    "first_name": "",
    "last_name": "",
    "is_staff": false,
    "is_active": true,
    "date_joined": "2024-04-27T07:18:20.494Z",
    "email": "user10@mail.ru",
    "username": null,
    "groups": [],
    "user_permissions": []
  }
},
{
  "model": "users.user",
  "pk": 31,
  "fields": {
    "password": "",
    "last_login": null,
    "is_superuser": false,
    "first_name": "",
    "last_name": "",
    "is_staff": false,
    "is_active": true,
    "date_joined": "2024-04-27T07:22:51.649Z",
    "email": "user11@mail.ru",
    "username": null,
    "groups": [],
    "user_permissions": []
  }
},
{
  "model": "users.user",
  "pk": 32,
  "fields": {
    "password": "pbkdf2_sha256$720000$uGcbrs14Dw9DfSvBQfWbQi$6uYBbS87iqvXcDtp3pnHjXMv9mnwM5CNovNngUUnJh0=",
    "last_login": "2024-04-27T07:24:29.050Z",
    "is_superuser": false,
    "first_name": "",
    "last_name": "",
    "is_staff": false,
    "is_active": true,
    "date_joined": "2024-04-27T07:24:02.017Z",
    "email": "user12@mail.ru",
    "username": null,
    "groups": [],
    "user_permissions": []
  }
},
{
  "model": "users.user",
  "pk": 33,
  "fields": {
    "password": "pbkdf2_sha256$720000$9tCiwIVa2wgmX01Bi624X0$qftjLMZKwl0K4uZ1vds2010swmUF7m3uy6SK0Ym7aV8=",
    "last_login": "2024-04-29T15:27:34.396Z",
    "is_superuser": false,
    "first_name": "",
    "last_name": "",
    "is_staff": false,
    "is_active": true,
    "date_joined": "2024-04-27T07:25:53.000Z",
    "email": "user13@mail.ru",
    "username": null,
    "groups": [],
    "user_permissions": []
  }
},
{
  "model": "users.user",
  "pk": 34,
  "fields": {
    "password": "pbkdf2_sha256$720000$guKPvAAqJFLSbQUyYywUxP$Ics+tNmDtH2pdvnzQvHd4kWV4GjRMLx+gyw1/n+AFws=",
    "last_login": null,
    "is_superuser": false,
    "first_name": "",
    "last_name": "",
    "is_staff": false,
    "is_active": false,
    "date_joined": "2024-04-27T07:38:41.014Z",
    "email": "user14@mail.ru",
    "username": null,
    "groups": [],
    "user_permissions": []
  }
},
{
  "model": "users.user",
  "pk": 35,
  "fields": {
    "password": "pbkdf2_sha256$720000$N5k5FUcxUIB6g5vvulg0Dg$PL1Bevy95bWPWQbISoLqlPMjZqxacF01zyMHozK5myw=",
    "last_login": "2024-05-04T06:06:29.714Z",
    "is_superuser": false,
    "first_name": "",
    "last_name": "",
    "is_staff": false,
    "is_active": true,
    "date_joined": "2024-04-27T07:39:57.329Z",
    "email": "user15@mail.ru",
    "username": null,
    "groups": [],
    "user_permissions": []
  }
},
{
  "model": "users.user",
  "pk": 36,
  "fields": {
    "password": "pbkdf2_sha256$720000$PqP2TdtUezIVFM9omMuHvi$oBAIkdAOprSTMZJyMpsObHALJ5u2CLo+CrubU80F4tM=",
    "last_login": null,
    "is_superuser": false,
    "first_name": "",
    "last_name": "",
    "is_staff": false,
    "is_active": false,
    "date_joined": "2024-04-27T07:44:35.318Z",
    "email": "user16@mail.ru",
    "username": null,
    "groups": [],
    "user_permissions": []
  }
},
{
  "model": "users.user",
  "pk": 37,
  "fields": {
    "password": "pbkdf2_sha256$720000$xLvGB30bHzGVonuApOVUqu$kdVx8LaL08H+wNdY412rVTAiX8ctBxQP1A+ynXzN2BM=",
    "last_login": "2024-04-27T07:50:46.604Z",
    "is_superuser": false,
    "first_name": "",
    "last_name": "",
    "is_staff": false,
    "is_active": true,
    "date_joined": "2024-04-27T07:50:41.750Z",
    "email": "user17@mail.ru",
    "username": null,
    "groups": [],
    "user_permissions": []
  }
},
{
  "model": "users.user",
  "pk": 38,
  "fields": {
    "password": "pbkdf2_sha256$720000$pQlHxrHxW6uFgCzHbPsSjk$iTSdvC9UwdCZ60zEv0pefoiojUoDEPChgqdsa4ipZ40=",
    "last_login": null,
    "is_superuser": false,
    "first_name": "",
    "last_name": "",
    "is_staff": false,
    "is_active": false,
    "date_joined": "2024-04-27T08:57:01.466Z",
    "email": "user18@mail.ru",
    "username": null,
    "groups": [],
    "user_permissions": []
  }
},
{
  "model": "users.user",
  "pk": 39,
  "fields": {
    "password": "pbkdf2_sha256$720000$Ifccye4oUvtqdJ2RTmUFwC$lMOfmeTMRxkVSdIqXVar/u4WSc/U/y0dXGR/sAkQsxI=",
    "last_login": null,
    "is_superuser": false,
    "first_name": "",
    "last_name": "",
    "is_staff": false,
    "is_active": false,
    "date_joined": "2024-04-27T09:13:40.038Z",
    "email": "user20@mail.ru",
    "username": null,
    "groups": [],
    "user_permissions": []
  }
},
{
  "model": "users.user",
  "pk": 40,
  "fields": {
    "password": "pbkdf2_sha256$720000$L9DPzqpNDxGGt9gBwcDBgQ$k0Gs4Spxap+DcTPIf7gzjlWY2EJ3NZcdamvA1qRlosY=",
    "last_login": null,
    "is_superuser": false,
    "first_name": "",
    "last_name": "",
    "is_staff": false,
    "is_active": false,
    "date_joined": "2024-04-27T09:15:26.544Z",
    "email": "user21@mail.ru",
    "username": null,
    "groups": [],
    "user_permissions": []
  }
},
{
  "model": "users.user",
  "pk": 41,
  "fields": {
    "password": "pbkdf2_sha256$720000$5lOEX5zCzcL4tgwEPs01pt$+gmmK1xb07XblexlbwdegJ8qeF7e45NFB85qOWZps2o=",
    "last_login": null,
    "is_superuser": false,
    "first_name": "",
    "last_name": "",
    "is_staff": false,
    "is_active": false,
    "date_joined": "2024-04-27T09:16:09.788Z",
    "email": "user22@mail.ru",
    "username": null,
    "groups": [],
    "user_permissions": []
  }
},
{
  "model": "users.user",
  "pk": 42,
  "fields": {
    "password": "pbkdf2_sha256$720000$hjOWgkhC4fQhuWv34aJUSp$/7ERzSAUdCZ31ZetJNiJDjbGXRiUpCfjBDC8wrYhAMA=",
    "last_login": null,
    "is_superuser": false,
    "first_name": "",
    "last_name": "",
    "is_staff": false,
    "is_active": false,
    "date_joined": "2024-04-27T09:16:42.537Z",
    "email": "user23@mail.ru",
    "username": null,
    "groups": [],
    "user_permissions": []
  }
},
{
  "model": "users.user",
  "pk": 43,
  "fields": {
    "password": "pbkdf2_sha256$720000$joXMjYSjwHrAbTiqqrFIGD$+kM64qAEKhgqLoTbb8nrhv2oTzX2zaWzQ48m8XErDtY=",
    "last_login": null,
    "is_superuser": false,
    "first_name": "",
    "last_name": "",
    "is_staff": false,
    "is_active": false,
    "date_joined": "2024-04-27T09:20:57.174Z",
    "email": "user24@mail.ru",
    "username": null,
    "groups": [],
    "user_permissions": []
  }
},
{
  "model": "users.user",
  "pk": 44,
  "fields": {
    "password": "pbkdf2_sha256$720000$zLfMVzzsr3fGEuXBLdPraD$C1C0o30q4NcSuclEZkx24ng5RFr4c9/DGBVP9JYe2Mg=",
    "last_login": null,
    "is_superuser": false,
    "first_name": "",
    "last_name": "",
    "is_staff": false,
    "is_active": false,
    "date_joined": "2024-04-27T09:22:14.182Z",
    "email": "user25@mail.ru",
    "username": null,
    "groups": [],
    "user_permissions": []
  }
},
{
  "model": "users.user",
  "pk": 45,
  "fields": {
    "password": "pbkdf2_sha256$720000$183fuxNwZUsK5cEHZ19jaW$wmso/UziNrAFn9nKgEt5yb5ppYhtDA5fVcfKv9Xokug=",
    "last_login": null,
    "is_superuser": false,
    "first_name": "",
    "last_name": "",
    "is_staff": false,
    "is_active": false,
    "date_joined": "2024-04-27T09:23:21.895Z",
    "email": "user26@mail.ru",
    "username": null,
    "groups": [],
    "user_permissions": []
  }
},
{
  "model": "users.user",
  "pk": 46,
  "fields": {
    "password": "pbkdf2_sha256$720000$tYBT7HVTqnM2o61voMo18R$MjE3a5v4xsCAK84nVGOYoliA95NZ3B25S943KpCAJGk=",
    "last_login": null,
    "is_superuser": false,
    "first_name": "",
    "last_name": "",
    "is_staff": false,
    "is_active": false,
    "date_joined": "2024-04-27T09:25:33.209Z",
    "email": "user27@mail.ru",
    "username": null,
    "groups": [],
    "user_permissions": []
  }
},
{
  "model": "users.user",
  "pk": 47,
  "fields": {
    "password": "pbkdf2_sha256$720000$f12ynBOjLTjWg89JY08DHM$f3q9ILq5XiRuSeZjJT8CYBUkzdz9yd0SaCcvjGDcC8k=",
    "last_login": null,
    "is_superuser": false,
    "first_name": "",
    "last_name": "",
    "is_staff": false,
    "is_active": false,
    "date_joined": "2024-04-27T09:26:26.500Z",
    "email": "user28@mail.ru",
    "username": null,
    "groups": [],
    "user_permissions": []
  }
},
{
  "model": "users.user",
  "pk": 48,
  "fields": {
    "password": "pbkdf2_sha256$720000$bPHQy46BvmWKidskYRFLsA$7YPFXO+RC9z+B0YxLtFFpLcv6jJWmea5uQo6A9hanhA=",
    "last_login": null,
    "is_superuser": false,
    "first_name": "",
    "last_name": "",
    "is_staff": false,
    "is_active": false,
    "date_joined": "2024-04-27T09:46:37.007Z",
    "email": "user29@mail.ru",
    "username": null,
    "groups": [],
    "user_permissions": []
  }
},
{
  "model": "users.user",
  "pk": 49,
  "fields": {
    "password": "pbkdf2_sha256$720000$UMG6ONA3j4FwXKbguIGQyT$V+MtC9zSLjf1kpiGW50XrVcmOz21ebrBou1Jv/7thTk=",
    "last_login": null,
    "is_superuser": false,
    "first_name": "",
    "last_name": "",
    "is_staff": false,
    "is_active": false,
    "date_joined": "2024-04-27T09:49:36.352Z",
    "email": "user30@mail.ru",
    "username": null,
    "groups": [],
    "user_permissions": []
  }
},
{
  "model": "users.user",
  "pk": 50,
  "fields": {
    "password": "pbkdf2_sha256$720000$C5pzc0xk2BHA6Nvm21frap$EvxO6+ltTSUVso/frcEasSGgZM5C+4PzUt87r9eP/QM=",
    "last_login": null,
    "is_superuser": false,
    "first_name": "",
    "last_name": "",
    "is_staff": false,
    "is_active": false,
    "date_joined": "2024-04-27T16:57:42.985Z",
    "email": "user31@mail.ru",
    "username": null,
    "groups": [],
    "user_permissions": []
  }
},
{
  "model": "users.user",
  "pk": 51,
  "fields": {
    "password": "pbkdf2_sha256$720000$KYGTwnRJBAV9d2DyH34Ydz$T6FqmWWnF/hkxBeh830c2oFw68Q0SUqsGxM8G32oGPE=",
    "last_login": null,
    "is_superuser": false,
    "first_name": "",
    "last_name": "",
    "is_staff": false,
    "is_active": false,
    "date_joined": "2024-04-27T17:10:03.776Z",
    "email": "user32@mail.ru",
    "username": null,
    "groups": [],
    "user_permissions": []
  }
},
{
  "model": "users.user",
  "pk": 52,
  "fields": {
    "password": "pbkdf2_sha256$720000$jYcwSaOEfXCyH0qp1AaZUi$fHc5Gyhsgi5RJedQY9Op/zr5p1BcXhBp0wNaCM0Iq5E=",
    "last_login": null,
    "is_superuser": false,
    "first_name": "",
    "last_name": "",
    "is_staff": false,
    "is_active": false,
    "date_joined": "2024-04-27T17:20:55.732Z",
    "email": "user33@mail.ru",
    "username": null,
    "groups": [],
    "user_permissions": []
  }
},
{
  "model": "users.user",
  "pk": 53,
  "fields": {
    "password": "pbkdf2_sha256$720000$GdcYJat7ZO7Ci4EMywZjpm$5lCb0JKTaPaex1s6LlldUATKER7C/eV6kiZkOcEAtIw=",
    "last_login": null,
    "is_superuser": false,
    "first_name": "",
    "last_name": "",
    "is_staff": false,
    "is_active": false,
    "date_joined": "2024-04-27T17:29:42.678Z",
    "email": "user34@mail.ru",
    "username": null,
    "groups": [],
    "user_permissions": []
  }
},
{
  "model": "users.user",
  "pk": 54,
  "fields": {
    "password": "pbkdf2_sha256$720000$cfoKYpn6jlq8uGpbvaUTZT$um0rYlZRt7fMnlaJl3sY86ms5EiHlHx6iOlpIHcYOwI=",
    "last_login": null,
    "is_superuser": false,
    "first_name": "",
    "last_name": "",
    "is_staff": false,
    "is_active": false,
    "date_joined": "2024-04-27T17:30:40.381Z",
    "email": "user35@mail.ru",
    "username": null,
    "groups": [],
    "user_permissions": []
  }
},
{
  "model": "users.user",
  "pk": 55,
  "fields": {
    "password": "pbkdf2_sha256$720000$HQpzQKfXb2oGgYahGKCcgf$NnwP0qIRx4j1ZIfzVQPX63cJNBK1CuiQkUTkQ1PY8Ik=",
    "last_login": null,
    "is_superuser": false,
    "first_name": "",
    "last_name": "",
    "is_staff": false,
    "is_active": false,
    "date_joined": "2024-04-27T17:33:39.057Z",
    "email": "user36@mail.ru",
    "username": null,
    "groups": [],
    "user_permissions": []
  }
},
{
  "model": "users.user",
  "pk": 56,
  "fields": {
    "password": "pbkdf2_sha256$720000$NabIKW5yCkE2NJ7ELVZJF5$zdOWM2WfZZIvfQW6MNlazFXK+A50DVyDtvxnDSlKHUo=",
    "last_login": null,
    "is_superuser": false,
    "first_name": "",
    "last_name": "",
    "is_staff": false,
    "is_active": false,
    "date_joined": "2024-04-27T17:33:55.163Z",
    "email": "user37@mail.ru",
    "username": null,
    "groups": [],
    "user_permissions": []
  }
},
{
  "model": "users.user",
  "pk": 57,
  "fields": {
    "password": "pbkdf2_sha256$720000$weloNUzsdbuerTDlsb129n$IgdQKE0wMc6sddNZu+jN3u4CDiXd9QSqTR/Eflp+g8A=",
    "last_login": null,
    "is_superuser": false,
    "first_name": "",
    "last_name": "",
    "is_staff": false,
    "is_active": false,
    "date_joined": "2024-04-27T17:34:13.200Z",
    "email": "user38@mail.ru",
    "username": null,
    "groups": [],
    "user_permissions": []
  }
},
{
  "model": "users.user",
  "pk": 58,
  "fields": {
    "password": "pbkdf2_sha256$720000$QwiDw31wccc6q77K2Qa59Q$TirdWT7ZKqcYl2QzDJZtEN31zPYYR+5MFjPM6ec5YW8=",
    "last_login": "2024-04-27T17:36:30.205Z",
    "is_superuser": false,
    "first_name": "",
    "last_name": "",
    "is_staff": false,
    "is_active": true,
    "date_joined": "2024-04-27T17:36:25.566Z",
    "email": "user40@mail.ru",
    "username": null,
    "groups": [],
    "user_permissions": []
  }
},
{
  "model": "users.user",
  "pk": 59,
  "fields": {
    "password": "pbkdf2_sha256$720000$EiiUcpyl90glYhKg0ptDM1$0PtY4ZvQQHrgCtXG5nOju0Vo3mBT7XFFfy9Xkrk7sy4=",
    "last_login": null,
    "is_superuser": false,
    "first_name": "",
    "last_name": "",
    "is_staff": false,
    "is_active": false,
    "date_joined": "2024-04-27T17:41:26.474Z",
    "email": "user41@mail.ru",
    "username": null,
    "groups": [],
    "user_permissions": []
  }
},
{
  "model": "users.user",
  "pk": 60,
  "fields": {
    "password": "pbkdf2_sha256$720000$VFwKCRiSmL09vp9Tlaa5Ux$MDMDsX1wbePSwSnleMbqdR/xOkIRBXI8wEOV0KwNnms=",
    "last_login": null,
    "is_superuser": false,
    "first_name": "",
    "last_name": "",
    "is_staff": false,
    "is_active": false,
    "date_joined": "2024-04-27T17:48:06.527Z",
    "email": "user47@mail.ru",
    "username": null,
    "groups": [],
    "user_permissions": []
  }
},
{
  "model": "users.user",
  "pk": 61,
  "fields": {
    "password": "pbkdf2_sha256$720000$F4bxLBu9gaJuthzuZOiXMT$COnhN5LJH3ByBJlqhhZvaLneCdhqVfhAh/Bpe13nC4I=",
    "last_login": null,
    "is_superuser": false,
    "first_name": "",
    "last_name": "",
    "is_staff": false,
    "is_active": false,
    "date_joined": "2024-04-27T17:48:25.481Z",
    "email": "user50@mail.ru",
    "username": null,
    "groups": [],
    "user_permissions": []
  }
},
{
  "model": "users.user",
  "pk": 62,
  "fields": {
    "password": "pbkdf2_sha256$720000$wb6IAqcd9FReWvuOzhicRn$0xA/6v8EyWuj5sHIVwuA5sxkkn6qDO7nOwPxAZVvHKc=",
    "last_login": null,
    "is_superuser": false,
    "first_name": "",
    "last_name": "",
    "is_staff": false,
    "is_active": false,
    "date_joined": "2024-04-27T17:48:33.236Z",
    "email": "user51@mail.ru",
    "username": null,
    "groups": [],
    "user_permissions": []
  }
},
{
  "model": "users.user",
  "pk": 63,
  "fields": {
    "password": "pbkdf2_sha256$720000$8n66iHjS9uzgCVPv3J2skV$LIZ1HxXseW/CaykxIiGYuMzceD5PS2ni/R1Wrw0DQyc=",
    "last_login": null,
    "is_superuser": false,
    "first_name": "",
    "last_name": "",
    "is_staff": false,
    "is_active": false,
    "date_joined": "2024-04-27T17:49:57.407Z",
    "email": "user56@mail.ru",
    "username": null,
    "groups": [],
    "user_permissions": []
  }
},
{
  "model": "users.user",
  "pk": 64,
  "fields": {
    "password": "pbkdf2_sha256$720000$MSZXfOsw711INCKyGM1hQj$1wdkcJgEdo/0jtLi6EvW2rHb4kGdG2tn1c89Iad4oAY=",
    "last_login": null,
    "is_superuser": false,
    "first_name": "",
    "last_name": "",
    "is_staff": false,
    "is_active": false,
    "date_joined": "2024-04-27T17:50:43.947Z",
    "email": "user57@mail.ru",
    "username": null,
    "groups": [],
    "user_permissions": []
  }
},
{
  "model": "users.user",
  "pk": 67,
  "fields": {
    "password": "pbkdf2_sha256$720000$aStckiYgWYto5c74IiLzWq$swSiU5n7MV9GgcBkrz5kuq0/DEnMrG5JkaAi0Tvcahw=",
    "last_login": null,
    "is_superuser": false,
    "first_name": "",
    "last_name": "",
    "is_staff": false,
    "is_active": false,
    "date_joined": "2024-04-27T17:57:12.100Z",
    "email": "user60@mail.ru",
    "username": null,
    "groups": [],
    "user_permissions": []
  }
},
{
  "model": "users.user",
  "pk": 69,
  "fields": {
    "password": "pbkdf2_sha256$720000$ixUkzEk2301arwR3RPXKmw$cKA30/pG2TgL90n18tUIIi2Vxnds20Vrg66jCLDEGSw=",
    "last_login": "2024-04-27T17:59:01.444Z",
    "is_superuser": false,
    "first_name": "",
    "last_name": "",
    "is_staff": false,
    "is_active": true,
    "date_joined": "2024-04-27T17:58:57.341Z",
    "email": "user61@mail.ru",
    "username": null,
    "groups": [],
    "user_permissions": []
  }
},
{
  "model": "users.user",
  "pk": 70,
  "fields": {
    "password": "pbkdf2_sha256$720000$Vb96t9DWOquNbNvou839eI$ckKprUern5FVb5w3HOWzBMnP5ATHx8B019WJyFrSTpc=",
    "last_login": "2024-04-28T08:44:48.200Z",
    "is_superuser": false,
    "first_name": "",
    "last_name": "",
    "is_staff": false,
    "is_active": true,
    "date_joined": "2024-04-28T08:44:33.619Z",
    "email": "user62@mail.ru",
    "username": null,
    "groups": [],
    "user_permissions": []
  }
},
{
  "model": "users.user",
  "pk": 71,
  "fields": {
    "password": "pbkdf2_sha256$720000$4YrsHuYN1mZvPIYCBJw5UR$4edBWsEURfiYgK70mNCn0+cWsv/h4h0S+TqlcrYsflo=",
    "last_login": "2024-04-29T07:19:05.215Z",
    "is_superuser": false,
    "first_name": "",
    "last_name": "",
    "is_staff": false,
    "is_active": true,
    "date_joined": "2024-04-29T07:19:00.231Z",
    "email": "user80@mail.ru",
    "username": null,
    "groups": [],
    "user_permissions": []
  }
},
{
  "model": "users.user",
  "pk": 72,
  "fields": {
    "password": "pbkdf2_sha256$720000$uteeYi2JLE8ZkoQ5i9Q84l$MgRkKOyh0QhJ3mqi+KWXw0hdyUoTQ2bDTzIgHcz7+24=",
    "last_login": null,
    "is_superuser": false,
    "first_name": "",
    "last_name": "",
    "is_staff": false,
    "is_active": false,
    "date_joined": "2024-05-04T05:55:49.431Z",
    "email": "user101@mail.ru",
    "username": null,
    "groups": [],
    "user_permissions": []
  }
},
{
  "model": "users.user",
  "pk": 73,
  "fields": {
    "password": "pbkdf2_sha256$720000$QmQ7QZ08mny8ofEaOnOvFp$FSEOEUazrY9za4u4kxr/yfx1nTw8HefS9m6xaMJBSCQ=",
    "last_login": "2024-05-04T15:08:57.151Z",
    "is_superuser": false,
    "first_name": "",
    "last_name": "",
    "is_staff": false,
    "is_active": true,
    "date_joined": "2024-05-04T14:38:41.101Z",
    "email": "user102@mail.ru",
    "username": null,
    "groups": [],
    "user_permissions": []
  }
},
{
  "model": "users.user",
  "pk": 74,
  "fields": {
    "password": "pbkdf2_sha256$720000$aqWh6J7NI8G9PpHYpVI9uo$lBDi3TgyXYpQ99dZP/8Xef++t3ofLsc7PMjaha8ILKw=",
    "last_login": "2024-05-07T12:44:38.014Z",
    "is_superuser": false,
    "first_name": "",
    "last_name": "",
    "is_staff": false,
    "is_active": true,
    "date_joined": "2024-05-04T15:46:32.940Z",
    "email": "user103@mail.ru",
    "username": null,
    "groups": [],
    "user_permissions": []
  }
},
{
  "model": "users.user",
  "pk": 75,
  "fields": {
    "password": "pbkdf2_sha256$720000$J3WCLSxUNeI4HORuEyB0q5$dj+tzBzz3Nj5IApmXuz7FSZ2zqg+DbBBC6sCHZmvgPo=",
    "last_login": null,
    "is_superuser": false,
    "first_name": "",
    "last_name": "",
    "is_staff": false,
    "is_active": false,
    "date_joined": "2024-05-06T13:50:26.837Z",
    "email": "user104@mail.ru",
    "username": null,
    "groups": [],
    "user_permissions": []
  }
},
{
  "model": "users.user",
  "pk": 76,
  "fields": {
    "password": "pbkdf2_sha256$720000$zTSKzNpkfMNteBj48W7MgN$DGz/9H5D4pGZD75k+SLPU1Jl2JcoiyKQGNrv9zqFVSI=",
    "last_login": "2024-05-06T13:52:35.197Z",
    "is_superuser": false,
    "first_name": "",
    "last_name": "",
    "is_staff": false,
    "is_active": true,
    "date_joined": "2024-05-06T13:52:31.507Z",
    "email": "user105@mail.ru",
    "username": null,
    "groups": [],
    "user_permissions": []
  }
},
{
  "model": "users.user",
  "pk": 77,
  "fields": {
    "password": "pbkdf2_sha256$720000$KSQNMlnqFESFPhE7wHsPef$1N6UmGzrZ2IoS8oDicp5UCSLdb7ZSFYQbk0wuwa/Qk0=",
    "last_login": null,
    "is_superuser": false,
    "first_name": "",
    "last_name": "",
    "is_staff": false,
    "is_active": false,
    "date_joined": "2024-05-07T12:59:29.915Z",
    "email": "user106@mail.ru",
    "username": null,
    "groups": [],
    "user_permissions": []
  }
},
{
  "model": "users.user",
  "pk": 78,
  "fields": {
    "password": "pbkdf2_sha256$720000$G5XqCxvDK3FGpw0VHT1yuA$F2B2/yxFeyrHWnGV1K+lG9VnWq5B51+50OxeILHGvJE=",
    "last_login": "2024-05-07T13:01:32.300Z",
    "is_superuser": false,
    "first_name": "",
    "last_name": "",
    "is_staff": false,
    "is_active": true,
    "date_joined": "2024-05-07T13:01:25.479Z",
    "email": "user107@mail.ru",
    "username": null,
    "groups": [],
    "user_permissions": []
  }
},
{
  "model": "users.user",
  "pk": 79,
  "fields": {
    "password": "pbkdf2_sha256$720000$FnFAC1DNA0dBCqE5114nef$C/cDQAxyJV55NZtw7sCCQNdntfuvTk7Xgnt1xofTAL4=",
    "last_login": null,
    "is_superuser": false,
    "first_name": "",
    "last_name": "",
    "is_staff": false,
    "is_active": false,
    "date_joined": "2024-05-07T13:38:32.847Z",
    "email": "user111@mail.ru",
    "username": null,
    "groups": [],
    "user_permissions": []
  }
},
{
  "model": "cart.productincart",
  "pk": 18,
  "fields": {
    "product": 59,
    "user": 5,
    "size": null,
    "number": 1
  }
},
{
  "model": "cart.productincart",
  "pk": 19,
  "fields": {
    "product": 19,
    "user": 5,
    "size": "50",
    "number": 1
  }
},
{
  "model": "cart.productincart",
  "pk": 20,
  "fields": {
    "product": 19,
    "user": 5,
    "size": "48",
    "number": 1
  }
},
{
  "model": "cart.order",
  "pk": 1,
  "fields": {
    "surname": "Брежнев",
    "name": "Максим",
    "middle_name": "Александрович",
    "address": "ул. Иванова, 5",
    "phone_number": "+79207310171",
    "status": false,
    "created_at": "13:36:34.998"
  }
},
{
  "model": "cart.orderitem",
  "pk": 1,
  "fields": {
    "product": 59,
    "size": null,
    "number": 1,
    "order": 1
  }
},
{
  "model": "cart.orderitem",
  "pk": 2,
  "fields": {
    "product": 5,
    "size": "50",
    "number": 2,
    "order": 1
  }
}
]
